	Phenotypic_Class	F1_Score
0	ADCCM	0.0
1	Anaphase	0.0
2	Apoptosis	0.0
3	Artefact	0.0425531914893617
4	Binuclear	0.2096069868995633
5	Elongated	0.0
6	Grape	0.12307692307692307
7	Hole	0.0
8	Interphase	0.1348314606741573
9	Large	0.0
10	Metaphase	0.0
11	MetaphaseAlignment	0.0
12	OutOfFocus	0.0
13	Polylobed	0.2777777777777778
14	Prometaphase	0.025641025641025644
15	SmallIrregular	0.14492753623188406
16	Weighted	0.13622648450633312
